Country,GDP_PPP_2007,GDP_PPP_2008,GDP_PPP_2009,GDP_PPP_2010,GDP_PPP_2011,GDP_PPP_2012,GDP_PPP_2013,GDP_PPP_2014,GDP_PPP_2015,GDP_PPP_2016,GDP_PPP_2017,GDP_PPP_2018,GDP_PPP_2019,GDP_PPP_2020,GDP_PPP_2021,GDP_PPP_2022,GDP_Education_Exp_2008,GDP_Education_Exp_2009,GDP_Education_Exp_2010,GDP_Education_Exp_2011,GDP_Education_Exp_2012,GDP_Education_Exp_2013,GDP_Education_Exp_2014,GDP_Education_Exp_2015,GDP_Education_Exp_2016,GDP_Education_Exp_2017,GDP_Education_Exp_2018,GDP_Education_Exp_2019,GDP_Education_Exp_2020,ict_access_pct_pop_2012,ict_access_pct_pop_2013,ict_access_pct_pop_2014,ict_access_pct_pop_2015,ict_access_pct_pop_2016,ict_access_pct_pop_2017,ict_access_pct_pop_2018,ict_access_pct_pop_2019,ict_access_pct_pop_2020,ict_access_pct_pop_2021,ict_access_pct_pop_2022,gini_coef_2007,gini_coef_2008,gini_coef_2009,gini_coef_2010,gini_coef_2011,gini_coef_2012,gini_coef_2013,gini_coef_2014,gini_coef_2015,gini_coef_2016,gini_coef_2017,gini_coef_2018,gini_coef_2019,gini_coef_2020,gini_coef_2021,gini_coef_2022,math_2006_Mean,math_2006_SE,math_2009_Mean,math_2009_SE,math_2012_Mean,math_2012_SE,math_2015_Mean,math_2015_SE,math_2018_Mean,math_2018_SE,math_2022_Mean,math_2022_SE,Treatment,Pandemic_Deaths_2020,COVID_Death_Percent_Population,reading_2006_Mean,reading_2006_SE,reading_2009_Mean,reading_2009_SE,reading_2012_Mean,reading_2012_SE,reading_2015_Mean,reading_2015_SE,reading_2018_Mean,reading_2018_SE,reading_2022_Mean,reading_2022_SE,science_2006_Mean,science_2006_SE,science_2009_Mean,science_2009_SE,science_2012_Mean,science_2012_SE,science_2015_Mean,science_2015_SE,science_2018_Mean,science_2018_SE,science_2022_Mean,science_2022_SE,teaching_hours_2013,teaching_hours_2014,teaching_hours_2015,teaching_hours_2016,teaching_hours_2017,teaching_hours_2018,teaching_hours_2019,teaching_hours_2020,teaching_hours_2021,teaching_hours_2022,student_teacher_ratio_2013,student_teacher_ratio_2014,student_teacher_ratio_2015,student_teacher_ratio_2016,student_teacher_ratio_2017,student_teacher_ratio_2018,student_teacher_ratio_2019,student_teacher_ratio_2020,student_teacher_ratio_2021,student_teacher_ratio_2022
Austria,39195.21023,41046.588773,40674.463342,41751.770355,44187.934579,46176.661052,47534.358331,48369.190925,49624.985137,52379.036736,53885.119966,56654.565353,60370.444015,58523.131078,63606.453145,71014.499891,,,,,2.993731,3.071253,2.979963,2.980174,2.988191,2.941086,2.827367,2.800769,2.9595871,100.0,99.8035,99.1802,100.0,99.8318,99.804,98.6644,99.0737,98.9763,100.0,100.0,0.284,0.28,0.289,0.28,0.281,0.276,0.28,0.274,0.275,0.284,0.275,0.28,0.274,0.272,0.281,,506.0,3.3,505.0,3.7,,,506,2.7,497,2.9,499,3.0,Yes,0.8,0.009090909090909,492.0,2.7,491.0,3.8,490.0,4.1,,,490,2.8,485,2.8,511.0,3.9,,,506,2.7,495,2.4,490.0,2.8,491,2.7,30.756556,30.759056,30.721735000000002,30.362437999999997,29.931784,30.143137,30.617688,30.716166,30.787052,30.984943,10.252185333333333,10.253018666666668,10.240578333333334,10.120812666666666,9.977261333333333,10.047712333333333,10.205896000000001,10.238722000000001,10.262350666666666,10.328314333333333
Canada,39575.492232,40376.111571,38864.049261,40098.303365,41666.848683,42291.886605,44300.991977,45758.133114,44668.065118,46470.675161,48317.404026,49982.649045,50498.963113,48590.716417,55781.70262,62041.556862,3.209979,3.324768,3.539711,3.414058,3.339135,3.265116,3.197652,3.170711,3.2598,3.259545,3.221834,3.181777,3.3569641,,,,,,,98.6,,98.2,,99.1,0.317,0.315,0.316,0.316,0.313,0.317,0.319,0.312,0.318,0.307,0.31,0.304,0.3,0.28,0.292,,532.0,1.8,527.0,2.0,527.0,1.6,518,1.8,516,2.3,512,2.4,Yes,2.9,0.0078167115902964,534.0,1.6,528.0,1.7,527.0,2.4,524.0,1.5,523,1.9,520,1.8,534.0,2.0,529.0,1.6,525,1.9,528,2.1,518.0,2.2,515,1.9,30.250680000000003,29.36476,29.94364,29.09944,29.31127,29.943400000000004,29.43508,29.12509,28.09206,28.402540000000002,15.125340000000001,14.68238,14.97182,14.54972,14.655635,14.971700000000002,14.71754,14.562545,14.04603,14.201270000000001
Chile,16771.182748,16449.614266,16028.549544,18041.314313,20235.570348,21458.812331,22295.740021,22650.712398,22563.582179,23384.612377,24479.458726,25496.431051,25733.103669,25236.623574,28776.711223,31227.991341,2.802036,3.031165,2.673376,2.632025,2.929083,2.646546,2.466476,2.630576,2.994949,3.000646,3.02345,3.130065,3.1286011,99.62,95.29,98.29146268,97.84498866,99.61188181,99.58674212,,,,,,,,0.48,,0.471,,0.465,,0.454,,0.46,,,0.496,,0.448,,,,,411.0,4.6,421,3.1,423,3.1,417,2.4,Yes,3.4,0.0181818181818181,410.0,3.6,,,442.0,5.0,449.0,3.1,441,2.9,452,2.6,438.0,4.3,447.0,2.9,445,2.9,447,2.4,444.0,2.4,444,2.5,71.87904,68.02522,65.74398,63.45919,61.33222,60.152339999999995,57.76759,58.32353,58.060900000000004,56.22798,23.959680000000002,22.675073333333334,21.914659999999998,21.153063333333332,20.444073333333332,20.05078,19.255863333333334,19.441176666666667,19.353633333333335,18.74266
Colombia,10228.188007,10651.506633,10720.914286,11206.221832,12108.234854,12530.807654,13266.002148,13777.241959,13762.750912,14514.224389,14930.865719,15814.696386,16712.410595,15950.508981,18141.946227,21630.618644,3.916961,3.506992,3.281409,3.111201,3.019483,3.291633,3.093037,3.123892,3.065175,3.152782,3.204235,3.432741,4.1143298,,,,,,,,,,,,,,,,,,,,,,,,,,,,,,,,370.0,3.8,381,3.2,376,2.9,391,3.0,Yes,3.1,0.0063136456211812,,,,,385.0,5.1,413.0,3.7,403,3.4,409,3.8,388.0,3.4,402.0,3.6,399,3.1,416,2.4,413.0,3.1,411,3.3,22.94237,72.46506,76.87303,76.02723,75.06936,74.56141,74.26456,73.95869,75.33597,72.15905,22.94237,24.155019999999997,25.624343333333332,25.34241,25.023120000000002,24.85380333333333,24.754853333333333,24.652896666666667,25.111990000000002,24.053016666666664
Denmark,39118.963207,41474.145014,40506.924302,43044.876027,44446.57809,44761.579789,46883.131074,47880.687634,48906.109829,51814.23663,55270.419717,57231.330513,60568.735529,62700.581101,70370.110899,78255.728928,4.034499,4.505544,4.553352,4.133907,4.513423,4.445553,4.674357,,3.829105,3.733292,3.697377,3.65236,3.6984589,99.6026,99.6646,100.0,99.7967,100.0,100.0,100.0,98.9506,99.736,99.7325,99.358,,,,,0.251,0.249,0.254,0.256,0.263,0.261,0.264,0.263,0.268,,,,514.0,2.7,513.0,2.6,503.0,2.6,500,2.3,511,2.2,489,1.9,No,1.0,0.0172413793103448,497.0,2.4,492.0,2.8,494.0,3.2,495.0,2.1,496,2.6,500,2.5,496.0,3.1,499.0,2.5,498,2.7,502,2.4,493.0,1.9,494,2.5,0.0,35.991910000000004,35.63161,34.47508,34.27927,34.355000000000004,34.10736,35.41854,35.4863,35.61317,,11.997303333333335,11.877203333333334,11.491693333333332,11.426423333333332,11.451666666666668,11.36912,11.80618,11.828766666666667,11.871056666666666
Estonia,22164.669641,22781.183415,20460.095802,21587.112349,24610.451711,26192.961132,27784.711585,29375.58987,29760.31351,31945.124614,34553.447713,37201.036993,40650.011527,40691.474697,45092.819159,49137.218267,3.724383,4.026403,3.7477,3.239097,3.149691,3.097016,2.61887,2.711455,2.69122,2.762699,2.954122,3.048966,3.161783,99.6445,99.1811,100.0,100.0,100.0,99.6613,99.6162,99.4439,99.4739,99.7256,99.1776,,,,,,,0.356,0.346,0.33,0.314,0.309,0.305,0.305,0.305,0.321,,,,515.0,2.7,512.0,2.6,521,2.0,520,2.0,510,2.0,Yes,0.1,0.0076923076923076,,,,,501.0,2.9,501.0,2.6,516,2.0,519,2.2,531.0,2.5,528.0,2.7,541,1.9,534,2.1,530.0,1.9,526,2.1,36.961803,37.412440000000004,38.121186,38.30005,38.824960000000004,38.97892,38.23041,38.19529,38.4555,38.3493,12.320601000000002,12.470813333333334,12.707062,12.766683333333333,12.941653333333335,12.992973333333333,12.74347,12.731763333333333,12.8185,12.7831
Finland,37844.446396,40081.225921,37968.445255,38950.213166,40845.76575,40738.873438,41325.582876,41539.598953,42250.407743,44562.440813,47234.988667,49242.642829,52276.174135,53285.422279,57345.840681,62224.624432,3.557376,3.875,3.907402,3.858106,3.887309,3.878606,3.887987,3.936406,3.819765,3.587321,3.581989,3.699126,3.818289,99.6342,99.6081,99.6982,98.9671,100.0,99.6833,100.0,100.0,100.0,100.0,100.0,0.269,0.264,0.259,0.264,0.264,0.26,0.262,0.257,0.26,0.259,0.266,0.269,0.273,0.265,0.273,0.274,544.0,1.9,548.0,2.3,541.0,2.2,519,1.9,511,2.3,507,2.0,No,0.8,0.0145454545454545,546.0,2.6,543.0,1.6,547.0,2.1,536.0,2.3,524,2.4,526,2.5,563.0,2.0,554.0,2.3,545,2.2,531,2.4,522.0,2.5,511,2.5,38.219637,38.511878,39.028400000000005,39.53082,40.806958,41.369102,39.837458999999996,38.996426,38.791162,38.567420999999996,12.739879,12.837292666666668,13.009466666666668,13.17694,13.602319333333334,13.789700666666667,13.279152999999999,12.998808666666667,12.930387333333334,12.855806999999999
France,34196.53396,35192.053589,34809.904581,36065.758128,37675.402351,37841.735437,39772.37203,40395.672439,41049.722877,42983.74958,44527.541602,46397.534631,51119.646958,49462.66611,53878.485673,57860.342201,3.450149,3.639756,3.59918,3.468539,3.443588,3.430057,3.432445,3.391426,3.371855,3.393905,3.362569,3.343979,3.531127,98.9627,98.475,98.1223,97.85,98.3412,98.1235,96.1309,97.6498,,98.4025,98.9064,,,,,,,,,,,,,,0.278,0.298,,511.0,2.5,496.0,3.2,497.0,3.1,495,2.5,493,2.1,495,2.3,Yes,14.5,0.0216741405082212,505.0,2.7,496.0,2.7,488.0,4.1,496.0,3.4,505,2.8,499,2.5,495.0,3.4,498.0,3.6,499,2.6,495,2.1,493.0,2.2,487,2.7,45.17789,45.15868,45.25402,45.296620000000004,45.055440000000004,44.705619999999996,44.283359999999995,44.310990000000004,44.11776,44.40181,15.059296666666667,15.052893333333332,15.084673333333333,15.098873333333335,15.018480000000002,14.901873333333333,14.761119999999998,14.770330000000001,14.705919999999999,14.800603333333333
Germany,37496.177323,39084.285618,38216.703187,40469.325876,43398.326075,44229.318933,45888.78792,47938.52079,48545.172477,51569.697552,54110.276915,56272.919757,59270.693277,58685.779258,62950.119395,67939.848538,2.665563,,2.912663,2.794813,2.72631,2.71073,2.678556,2.627931,2.600421,2.595507,2.62894,2.696213,2.9056029,99.2189,99.2881,99.2614,99.2863,99.6,99.37,99.6227,99.4621,99.2505,98.4924,97.5763,,0.285,,,0.291,0.289,0.292,0.289,0.293,0.294,0.289,0.289,0.296,0.303,,,503.0,3.3,504.0,3.9,513.0,2.9,514,2.9,506,2.9,500,2.6,No,23.8,0.0287092882991556,484.0,2.5,491.0,3.4,495.0,4.4,497.0,2.7,508,2.8,509,3.0,516.0,3.8,520.0,2.8,524,3.0,509,2.7,503.0,2.9,492,3.5,42.4465,41.88661,41.70563,41.41481,41.249539999999996,40.860839999999996,40.33513,39.87562,39.65938,39.70348,14.148833333333334,13.962203333333333,13.901876666666666,13.804936666666668,13.749846666666665,13.62028,13.445043333333333,13.291873333333333,13.219793333333334,13.234493333333333
Hungary,19089.99024,20708.761512,20680.672506,21693.402118,22992.218466,23221.166963,24591.637972,25796.210176,26937.732143,28178.94493,29728.012222,32258.257766,35627.231655,35583.585618,39213.308281,43892.055969,2.912021,2.844634,2.710769,1.5485,2.415696,2.303172,2.67337,2.624748,2.803348,2.60707,2.540676,2.426399,2.393662,97.6124,98.6216,99.3103,98.1702,100.0,99.4128,98.5709,99.3197,99.2178,99.4085,98.6627,0.257,0.246,0.241,0.266,0.269,0.279,0.286,0.281,0.284,0.28,0.289,0.28,0.286,0.28,0.278,,490.0,2.8,491.0,2.9,490.0,3.5,477,3.2,477,2.5,481,2.3,Yes,5.1,0.0520408163265306,480.0,4.0,482.0,2.5,482.0,3.3,494.0,3.2,488,3.2,470,2.7,504.0,2.7,503.0,3.1,494,2.9,477,2.4,481.0,2.3,486,2.7,22.47107,34.86103,33.30085,32.44054,32.70349,33.04397,32.75468,32.907031,31.77281,32.554429999999996,11.235535,11.620343333333333,11.100283333333332,10.813513333333333,10.901163333333335,11.014656666666667,10.918226666666667,10.969010333333335,10.590936666666666,10.851476666666665
Ireland,46770.887645,44105.364527,41435.299202,43220.666781,45541.043362,46747.472207,48878.6586,52700.504344,71682.507465,73170.443403,80556.528096,86433.669095,92189.163692,97903.151353,116741.566785,135774.001321,3.872247,4.317081,4.27456,4.14523,4.126357,3.816136,3.499581,2.315025,2.307619,2.228469,2.164812,2.114504,2.1495969,97.3841,98.4352,99.1806,99.2916,98.6112,96.0606,99.709,99.8539,,,,0.304,0.295,0.312,0.298,0.307,0.31,0.312,0.298,0.298,0.309,0.295,0.292,0.293,0.282,0.291,,503.0,2.4,501.0,2.8,487.0,2.5,501,2.2,504,2.1,500,2.2,Yes,0.5,0.010204081632653,527.0,3.2,515.0,2.6,517.0,3.5,496.0,3.0,523,2.6,521,2.5,508.0,3.2,508.0,3.3,522,2.5,503,2.4,496.0,2.2,504,2.3,30.307650000000002,30.27347,30.075580000000002,29.75907,29.060209999999998,28.14601,27.971490000000003,26.69848,26.65336,25.70156,15.153825000000001,15.136735,15.037790000000001,14.879535,14.530104999999999,14.073005,13.985745000000001,13.34924,13.32668,12.85078
Italy,34108.797065,35422.320586,34483.698297,34977.98625,36392.307585,36281.118449,36459.286713,36665.709207,37384.405169,40482.591491,42142.314165,43583.419042,46661.895024,44435.606105,50465.056628,56812.030711,3.080864,3.158257,2.988701,2.820094,2.767916,2.823629,2.741861,2.774977,2.584027,2.769357,2.926598,2.761412,3.012342,91.963,90.9815,91.8613,93.0503,93.7397,93.5574,93.4665,94.367,93.6532,96.9279,97.893,0.313,0.317,0.315,0.327,0.327,0.33,0.325,0.326,0.333,0.327,0.334,0.33,0.325,0.331,0.33,,466.0,3.1,462.0,2.3,483.0,1.9,485,2.0,490,2.8,487,2.8,Yes,36.5,0.0604304635761589,487.0,2.9,476.0,3.0,469.0,2.4,486.0,1.6,490,2.0,485,2.7,475.0,2.0,489.0,1.8,494,1.9,481,2.5,468.0,2.4,477,3.2,24.02512,36.50701,36.36072,21.93385,32.95658,32.86581,32.65854,32.15287,31.826950000000004,31.263754,12.01256,12.169003333333334,12.12024,10.966925,10.985526666666667,10.95527,10.886180000000001,10.717623333333334,10.608983333333335,10.421251333333332
Japan,35021.732224,35278.749846,33550.689549,35342.824721,36215.006272,37628.675989,39436.682585,39559.763471,40908.781547,40642.704531,41531.221619,42264.585123,42835.817421,42625.001229,44613.088167,47185.509153,,,2.650224,2.580729,2.613127,2.54827,2.576469,2.522271,2.416633,2.393908,2.348373,2.394398,2.492445,,,,,,,,,,,,,,,,,,,,,,,0.334,,,0.338,,534.0,4.0,523.0,3.3,529.0,3.3,536,3.6,532,3.0,527,2.5,Yes,47.8,0.0377865612648221,522.0,5.2,498.0,3.9,498.0,3.6,520.0,3.5,538,3.7,516,3.2,531.0,3.4,539.0,3.4,547,3.6,538,3.0,529.0,2.6,547,2.8,43.02832,42.83211,42.47164,41.85087,41.448249999999994,40.8945,40.32942,39.77345,39.31529,39.15809,14.342773333333334,14.27737,14.157213333333333,13.95029,13.816083333333331,13.6315,13.44314,13.257816666666665,13.105096666666666,13.052696666666668
Korea,30261.823597,31210.873543,30731.306528,33100.819609,33944.005129,35061.450514,35844.149337,37031.923567,39794.154766,41672.467561,43155.835282,45511.131505,46511.059739,47881.712884,51879.91954,55490.115648,,,,,,,,3.046242,2.968813,3.031041,3.128792,3.385564,3.3287151,100.0,99.92948005,99.93748817,99.98572616,100.0,99.77386817,99.96173994,99.95403155,99.93675916,99.92826216,99.89066651,,,,,0.388,0.385,0.372,0.363,0.352,0.355,0.354,0.345,0.339,0.328,0.329,0.324,525.0,2.4,534.0,3.1,556.0,3.8,539,3.5,536,3.9,517,3.5,Yes,5.0,0.0096899224806201,525.0,2.4,534.0,3.1,556.0,3.8,539.0,3.5,536,3.9,517,3.5,522.0,3.4,538.0,3.4,538,3.7,516,3.1,519.0,2.8,528,3.6,49.89698,47.98264,46.54463,44.88999,43.60622,42.21408,41.00458999999999,40.31219,40.17295,39.36413,16.632326666666668,15.994213333333335,15.514876666666666,14.96333,14.535406666666667,14.07136,13.668196666666665,13.437396666666666,13.390983333333333,13.121376666666668
Latvia,17275.477109,18631.344752,16557.149355,17345.597965,18626.747774,20500.834599,21848.359368,22968.197149,24134.095624,25804.817819,27661.234916,29832.137821,32209.789734,32734.307952,35599.973274,38521.984165,3.484195,3.617473,3.215414,3.036279,2.761244,3.030377,3.222429,3.220394,3.00567,2.769181,2.67334,2.708777,2.78532,99.6794,99.6119,100.0,99.1127,100.0,98.6853,99.3972,100.0,97.3236,100.0,99.5105,0.375,0.375,0.354,0.346,0.351,0.346,0.351,0.349,0.346,0.346,0.355,0.351,0.344,0.355,0.343,0.343,483.0,3.7,486.0,3.0,482.0,3.1,491,2.8,482,1.9,496,2.0,Yes,0.7,0.0368421052631579,458.0,5.3,491.0,3.7,479.0,3.7,484.0,3.0,489,2.4,488,1.8,490.0,3.0,494.0,3.1,502,2.8,490,1.6,487.0,1.8,494,2.3,29.160674,28.771886000000002,28.605254000000002,28.978929,30.888249000000002,31.228004,32.008556999999996,33.052133999999995,33.632522,34.347338,9.720224666666667,9.590628666666667,9.535084666666668,9.659643,10.296083000000001,10.409334666666666,10.669519,11.017377999999999,11.210840666666668,11.449112666666666
Lithuania,19113.893072,20735.73735,18167.72178,19827.857027,22701.648971,24567.003447,26563.484034,28005.705212,28846.334473,30772.687179,33591.517318,36491.946264,40563.874147,41262.691361,46450.600056,51011.582386,3.231387,3.653911,3.274297,2.885708,2.69228,2.596064,2.474578,2.320374,2.381531,2.256156,2.205877,2.256013,2.531203,99.5372,99.854,99.7431,99.1283,100.0,99.7705,100.0,99.502,99.5416,100.0,100.0,0.337,0.357,0.365,0.329,0.321,0.35,0.351,0.38,0.372,0.378,0.374,0.361,0.357,0.357,0.366,,,,,,470.0,3.0,468,2.4,477,2.5,472,2.7,Yes,1.0,0.0357142857142857,,,,,470.0,3.0,468.0,2.4,477,2.5,472,2.7,488.0,2.8,491.0,2.9,496,2.6,475,2.7,482.0,1.6,484,2.3,25.842764000000003,25.743972,25.650415000000002,25.440482,25.937206,26.889941999999998,33.526151,33.383997,33.657666,34.95753,8.614254666666668,8.581324,8.550138333333335,8.480160666666666,8.645735333333333,8.963313999999999,11.175383666666667,11.127999,11.219222,11.65251
Netherlands,44204.210589,46713.179,44936.820525,45307.392096,47004.345499,47653.204285,49623.330638,49751.324397,50956.451344,53163.284899,56038.531947,58818.011031,62344.802006,62594.830591,69323.505265,77284.537382,2.947598,3.282035,3.275288,3.192121,3.214088,3.27888,3.147402,3.145448,3.105544,3.030706,3.015791,2.95676,3.1251941,100.0,100.0,94.3021,97.8282,95.4561,99.6963,95.604,98.0867,94.6913,96.967,94.2799,,,,,0.294,0.293,0.287,0.305,0.305,0.292,0.298,0.295,0.312,0.295,0.295,0.288,,,513.0,2.9,507.0,2.9,508,5.1,511,3.5,503,2.4,No,20.0,0.1162790697674418,,,513.0,2.9,507.0,2.9,508.0,5.1,511,3.5,503,2.4,525.0,2.7,522.0,5.4,522,3.5,509,2.3,503.0,2.8,488,4.1,51.18504,51.90071,50.63083,50.818,50.80030000000001,50.18019,50.063629999999996,49.599540000000005,49.36643,48.003479999999996,17.06168,17.300236666666667,16.876943333333333,16.939333333333334,16.933433333333337,16.72673,16.687876666666664,16.53318,16.455476666666666,16.00116
New Zealand,29273.951597,29748.931565,30574.237506,31127.321554,32639.0226,32917.669788,36085.485818,37089.225918,37255.411712,39709.384706,41996.799105,42312.890889,44862.748114,45221.877621,48171.435475,51947.523994,3.665404,3.828811,3.808402,3.647843,3.542715,3.496278,3.37549,3.354798,3.291601,3.187708,3.113526,3.130449,3.395983,,,,,,,,,,,,0.331,0.328,0.329,0.335,0.329,0.335,0.341,0.341,0.325,0.333,0.335,0.33,0.326,0.32,,,529.0,2.8,522.0,2.5,521.0,3.0,521,2.4,512,2.4,509,2.4,Yes,0.4,0.0081632653061224,529.0,2.8,522.0,2.5,521.0,3.0,521.0,2.4,512,2.4,509,2.4,530.0,2.7,532.0,2.6,516,2.1,513,2.4,508.0,2.1,504,2.2,46.07967,45.71741,45.47965,45.68862,46.157650000000004,45.86214,44.95955,45.39972,45.296910000000004,44.55463,15.35989,15.239136666666667,15.159883333333333,15.22954,15.385883333333334,15.287379999999999,14.986516666666667,15.13324,15.098970000000001,14.851543333333334
Norway,56183.130324,62075.513764,55615.474922,58222.617563,62461.20278,65768.753269,67372.928181,66335.459647,60721.583813,59263.430471,64589.163172,70252.735449,70938.225099,67116.532811,89214.420416,124255.730793,4.613819,4.99576,4.871195,4.739211,4.608714,4.69368,4.509178,4.624124,4.602994,4.654998,4.634337,4.586946,4.651876,100.0,100.0,100.0,98.8189,100.0,100.0,100.0,99.0157,100.0,100.0,100.0,,0.25,0.245,0.249,0.25,0.253,0.252,0.257,0.272,0.262,0.262,0.262,0.261,0.263,0.285,0.262,505.0,2.8,500.0,2.8,484.0,3.2,503,2.6,504,3.2,513,2.5,No,0.6,0.0113207547169811,505.0,2.8,500.0,2.8,484.0,3.2,503.0,2.6,504,3.2,513,2.5,487.0,3.1,500.0,2.6,495,3.1,498,2.3,490.0,2.3,478,2.4,30.52086,30.343939,30.108212,29.469983,29.671754999999997,29.226208999999997,30.834472,29.291595,28.570304,28.406487,10.17362,10.114646333333333,10.036070666666667,9.823327666666666,9.890585,9.742069666666666,10.278157333333334,9.763865000000001,9.523434666666667,9.468829
Portugal,25738.953427,26665.829666,26458.120577,27295.106753,26782.25651,26434.55939,27921.48826,28713.307665,29540.258688,31494.521541,32843.839011,34725.227331,37616.202115,35662.771078,38690.794777,44527.906378,3.263295,3.824104,3.739345,3.559069,3.544756,3.770219,3.59064,3.394184,3.358174,3.548018,3.314437,3.294551,3.379765,99.4766,99.3738,99.4625,99.5082,99.6217,99.4854,99.4775,99.5922,99.7908,99.8217,99.813,0.36,0.354,0.336,0.341,0.337,0.337,0.341,0.338,0.336,0.331,0.32,0.317,0.31,0.327,0.313,,470.0,4.5,478.0,3.7,472.0,3.6,489,3.1,488,3.8,498,2.7,Yes,6.8,0.0660194174757281,470.0,4.5,478.0,3.7,472.0,3.6,489.0,3.1,488,3.8,498,2.7,474.0,3.0,493.0,2.9,489,3.7,501,2.4,492.0,2.8,484,2.6,32.029135,32.946866,33.395212,32.513793,31.687166,30.842182,30.616765,31.447679,31.447679,30.085755,10.676378333333332,10.982288666666667,11.131737333333334,10.837931,10.562388666666667,10.280727333333333,10.205588333333333,10.482559666666667,10.482559666666667,10.028585
Slovak Republic,21146.680248,23597.312871,22931.888237,25204.322798,26203.003452,27029.454343,28077.468286,29108.581679,30156.073348,29867.939446,30250.447061,31514.226043,33991.335035,35317.081382,38484.005116,40987.404733,2.137078,2.511318,2.591972,2.36477,2.312025,2.408981,2.467584,2.514857,2.423355,2.464157,2.492518,2.713441,3.0407269,99.3566,99.8343,99.4647,100.0,99.7591,97.7847,100.0,99.5549,100.0,98.9933,99.1894,0.246,0.257,0.267,0.265,0.262,0.251,0.27,0.247,0.25,0.241,0.22,0.236,0.222,0.229,0.217,,,,469.0,3.1,466.0,3.1,477,2.5,463,4.2,453,2.8,No,2.8,0.0518518518518518,,,469.0,3.1,466.0,3.1,477.0,2.5,463,4.2,453,2.8,488.0,2.6,490.0,3.0,471,3.6,461,2.6,464.0,2.3,462,3.0,43.0034,43.15089,42.283910000000006,42.91094,43.36983,43.55952,43.396010000000004,43.609269999999995,43.54952,42.559709999999995,14.334466666666666,14.383629999999998,14.094636666666668,14.303646666666666,14.45661,14.51984,14.465336666666667,14.536423333333332,14.516506666666666,14.186569999999998
Slovenia,27458.927558,29451.362317,27187.908038,27579.29337,28715.673819,28792.167923,29639.918271,30574.654323,31339.762298,33581.830353,36189.974505,38656.349114,42360.50795,41759.657287,46281.902311,51228.847256,3.312609,3.520156,3.489394,3.381269,3.342652,3.27375,3.15374,2.953491,2.908733,2.896781,2.856194,2.827735,3.104476,98.4068,100.0,99.0622,100.0,100.0,98.7342,100.0,100.0,99.2708,99.0065,100.0,0.238,0.234,0.245,0.245,0.243,0.249,0.254,0.251,0.25,0.244,0.243,0.249,0.246,0.238,0.242,,,,,,494.0,1.0,483,1.0,481,1.2,505,1.5,Yes,1.2,0.0571428571428571,,,,,494.0,1.0,483.0,1.0,481,1.2,505,1.5,519.0,1.1,512.0,1.1,514,1.3,513,1.3,507.0,1.3,500,1.4,37.695519000000004,37.80907,37.802625,34.540208,34.542733,24.07317,24.582030000000003,23.86237,23.69242,24.07613,12.565173000000001,12.603023333333333,12.600875,11.513402666666666,11.514244333333332,12.036585,12.291015000000002,11.931185,11.84621,12.038065
Spain,32530.747305,33328.860097,32198.294782,31818.062213,32019.985381,31885.975798,32629.838139,33781.105344,35257.434902,37637.842903,39877.2679,41073.672093,44071.522632,39339.972989,44155.300349,49667.771055,2.801687,3.025461,2.966595,2.898799,2.769775,2.692402,2.651892,2.660966,2.65648,2.629531,2.61133,2.646791,3.082788,96.9311,99.221,98.9507,98.2456,99.4138,99.6513,99.3753,99.5828,100.0,100.0,99.5474,0.313,0.327,0.333,0.339,0.341,0.334,0.345,0.343,0.344,0.341,0.333,0.33,0.32,0.329,0.32,,493.0,2.7,481.0,2.6,461.0,2.2,481,2.0,488,1.9,496,2.4,Yes,75.0,0.1605995717344753,493.0,2.7,481.0,2.6,461.0,2.2,481.0,2.0,488,1.9,496,2.4,488.0,2.6,488.0,2.1,496,1.8,493,2.1,,,485,1.6,36.38092,36.62318,36.686710000000005,35.99408,36.064840000000004,35.98711,35.67676,35.1582,33.31615,33.29728,12.126973333333334,12.207726666666666,12.228903333333335,11.998026666666666,12.021613333333335,11.995703333333333,11.892253333333334,11.7194,11.105383333333334,11.099093333333334
Sweden,40823.629148,41913.687143,40081.835192,41961.165096,44334.461731,45217.074504,46105.097397,46836.959518,48772.048226,50289.792031,51474.108635,53122.462047,57046.427857,57489.277663,63124.604539,66715.507914,3.794719,3.920606,3.718517,3.615736,3.649807,3.651597,3.62883,3.594253,3.772745,3.864597,3.971727,3.936347,4.0542369,98.1854,100.0,96.0824,98.2401,90.9693,96.947,94.3314,100.0,98.5926,99.6199,96.9291,,,,,,,0.267,0.272,0.276,0.28,0.282,0.273,0.277,0.276,0.286,0.29,516.0,2.2,514.0,2.4,507.0,3.4,497,2.9,483,3.0,500,3.5,No,6.2,0.0607843137254901,516.0,2.2,514.0,2.4,507.0,3.4,497.0,2.9,483,3.0,500,3.5,503.0,2.4,495.0,2.7,485,3.0,493,3.6,499.0,3.1,494,2.4,37.42385,38.76497,39.49545,39.13059,38.32376,38.26879,37.241550000000004,37.57931,37.71326,37.81176,12.474616666666668,12.921656666666665,13.165149999999999,13.043529999999999,12.774586666666666,12.756263333333335,12.413850000000002,12.526436666666667,12.571086666666666,12.60392
United Kingdom,35525.293924,36734.676772,35031.900055,36491.346386,37208.971903,38336.604981,39947.538393,41266.848849,42515.27463,44085.222213,46113.025546,47212.173489,50064.959661,48230.082098,52905.605259,57382.930561,2.993188,3.184743,3.401168,3.709077,3.689777,4.029587,4.189626,3.843116,3.690457,3.624579,3.394155,3.439377,3.700649,99.1262,99.2964,99.2819,99.2466,98.4139,97.5003,100.0,100.0,100.0,,,0.373,0.369,0.374,0.351,0.354,0.351,0.358,0.356,0.36,0.351,0.357,0.366,0.366,0.355,0.354,,,,,,495.0,2.3,494,2.3,499,3.5,498,2.8,Yes,128.5,0.1932330827067669,,,,,495.0,2.3,494.0,2.3,499,3.5,498,2.8,515.0,2.3,514.0,2.5,514,3.4,509,2.6,505.0,2.6,500,2.4,57.66341,50.93079,58.72593,48.21508,49.276700000000005,53.758759999999995,54.22721,54.8105,54.21119,36.28658,19.221136666666666,16.97693,19.575309999999998,16.071693333333332,16.42556666666667,17.919586666666664,18.075736666666668,18.270166666666665,18.070396666666667,18.14329
